caller,callee
300,301
512,299
301,300
401,457
512,0
512,0
19,47
687,310
300,301
634,681
466,183
225,574
584,582
584,582
466,183
584,582
466,42
480,210
267,269
269,267
678,470
222,471
222,471
222,471
152,405
471,222
289,578
289,578
289,578
90,91
269,267
267,269
669,283
289,578
42,466
139,546
139,546
474,639
289,578
19,47
341,89
341,89
278,31
218,382
514,278
278,514
172,640
696,306
19,595
382,218
12,13
12,13
256,845
76,31
72,73
561,631
12,13
12,13
297,374
289,578
650,136
12,13
12,13
24,82
121,288
289,752
640,172
81,374
622,39
8,419
419,8
8,419
419,8
622,39
8,592
39,622
622,39
668,252
252,668
121,288
651,623
651,623
651,623
651,623
623,651
651,623
49,171
185,210
622,39
185,210
720,342
342,720
342,720
90,91
678,470
714,243
714,243
491,208
91,90
208,491
91,90
467,207
467,560
491,208
208,491
243,714
688,405
185,210
90,91
185,210
185,210
210,185
744,133
171,49
424,785
623,651
128,208
49,357
92,676
92,676
623,651
623,651
221,52
771,547
221,52
688,405
225,337
49,357
578,289
208,0
49,357
59,438
59,438
337,225
289,578
152,405
39,622
96,190
677,652
677,652
89,341
27,371
301,300
652,677
342,401
401,169
449,47
401,169
449,47
401,342
167,423
167,423
12,492
49,48
267,268
652,677
4,424
645,235
235,645
567,386
39,622
622,39
622,39
39,622
91,90
441,580
580,441
21,20
21,20
21,20
390,683
21,20
341,89
424,266
289,578
512,36
643,567
289,752
91,90
111,421
595,19
172,640
788,394
394,788
788,394
495,420
495,420
468,116
683,390
683,363
354,666
390,683
273,397
194,294
0,512
273,585
273,585
678,470
397,273
678,470
36,512
36,512
470,678
812,179
190,372
140,830
136,137
137,136
140,830
140,830
701,248
221,4
221,4
8,419
8,419
688,158
420,495
420,495
428,206
812,656
595,19
495,420
495,420
495,420
420,495
420,495
623,651
20,21
578,289
289,578
505,572
589,291
578,289
572,505
572,505
572,505
572,505
572,505
88,572
88,572
362,495
401,190
267,269
623,651
267,269
494,57
225,337
49,48
678,470
845,256
337,225
337,225
269,267
269,267
256,845
391,617
27,371
337,225
420,495
420,495
578,176
96,780
20,21
455,129
91,90
21,20
39,622
21,20
20,21
578,289
21,20
21,20
428,206
640,172
567,676
428,206
20,442
428,206
428,206
206,428
428,206
639,474
474,639
435,782
495,420
495,420
185,210
299,237
51,75
51,75
388,506
356,210
356,210
356,210
185,356
356,210
356,210
75,51
472,537
736,207
145,146
644,415
19,595
554,638
214,430
415,158
21,20
6,406
557,419
63,805
289,578
638,554
670,344
670,344
405,152
682,383
289,752
278,335
656,179
643,92
279,617
279,617
569,465
623,651
301,300
266,418
569,465
444,801
801,444
304,163
569,465
289,578
145,146
145,146
289,578
145,146
697,202
146,145
145,146
289,578
403,268
91,90
90,91
390,683
289,578
289,578
652,677
39,622
335,278
278,335
278,335
278,335
677,652
677,652
267,403
449,47
449,47
267,403
622,39
260,459
459,260
652,677
677,652
23,51
677,652
521,268
420,495
677,652
420,495
33,709
21,20
20,21
495,420
495,420
49,48
405,688
632,491
420,495
420,495
420,495
420,495
301,300
527,314
314,527
314,527
688,405
805,459
575,50
638,554
397,212
541,367
424,785
212,397
397,212
640,172
397,212
204,64
551,640
640,95
640,172
474,304
95,640
95,640
356,210
356,210
381,416
356,210
356,185
356,210
356,210
356,210
356,185
128,208
445,199
147,492
492,147
561,631
21,20
561,631
543,403
289,578
615,507
424,785
845,228
615,507
444,801
495,420
569,465
521,268
578,289
399,469
268,521
97,578
97,578
97,578
578,97
399,469
185,356
588,395
572,505
720,342
578,289
289,578
446,106
207,560
207,560
652,677
651,623
651,623
586,774
207,560
560,207
379,339
420,495
289,578
301,300
495,420
39,622
136,137
39,622
194,294
539,526
557,419
557,8
8,557
39,622
39,622
39,622
48,49
49,48
48,49
681,634
634,681
314,527
561,173
91,90
557,419
335,278
90,91
300,301
21,20
21,20
21,20
21,20
21,20
21,20
21,20
21,20
21,20
20,21
173,561
21,20
21,20
21,20
207,677
207,677
173,561
221,324
221,324
221,324
221,324
221,324
221,324
221,324
221,324
221,324
221,324
221,324
221,324
221,324
221,324
221,324
221,324
221,324
297,374
405,688
301,300
636,473
396,641
656,179
444,402
402,444
474,639
677,652
49,357
677,207
677,207
652,677
677,652
91,90
90,91
652,677
677,652
49,357
623,651
640,95
628,116
152,405
405,152
21,20
152,405
152,405
21,20
557,419
341,504
21,20
91,90
8,557
465,569
578,289
651,623
386,92
549,161
269,543
95,640
95,640
292,325
91,90
424,266
49,357
267,403
49,357
260,459
289,578
455,282
455,282
578,289
289,578
289,578
578,289
657,236
466,269
119,175
623,651
405,152
688,405
88,254
331,257
175,119
485,472
521,268
267,403
13,583
13,583
240,406
91,90
58,672
634,681
671,813
682,405
280,485
175,119
58,672
589,291
569,465
711,200
49,48
695,317
355,538
152,688
688,405
244,25
106,446
289,578
289,578
136,137
466,412
382,218
564,254
109,308
342,372
342,372
744,80
131,280
301,300
37,36
48,49
36,37
49,357
79,201
201,79
49,357
405,688
744,80
678,470
131,280
289,578
131,809
131,280
280,131
280,131
300,301
622,39
300,301
300,301
301,300
39,622
540,265
143,310
310,143
697,202
202,697
507,615
615,507
91,90
345,396
33,242
289,578
6,27
289,578
420,495
560,359
27,6
678,470
388,506
388,506
681,634
56,506
56,506
495,420
506,56
56,506
56,506
283,580
177,100
283,441
678,470
678,470
678,470
678,470
678,470
143,310
485,472
678,470
470,678
151,69
151,69
96,583
583,96
96,583
283,580
283,441
236,472
310,143
503,13
503,13
405,688
441,283
405,688
661,683
272,166
166,272
272,166
166,272
371,578
37,36
85,446
578,371
578,371
578,371
578,371
166,272
537,472
272,166
13,503
503,13
13,503
503,13
503,13
503,13
503,13
472,194
151,69
492,147
677,324
346,636
221,107
221,107
147,492
120,314
772,218
314,120
120,314
120,314
37,36
314,120
301,300
242,33
580,283
578,176
289,578
147,492
147,492
492,147
147,492
405,688
289,578
677,207
677,207
798,472
845,486
845,486
268,521
578,176
96,109
69,263
96,780
780,96
300,301
491,208
491,285
615,507
324,221
324,263
263,221
623,651
263,221
263,324
263,324
263,221
324,221
466,173
623,651
263,221
221,263
681,634
208,491
13,503
13,503
13,503
20,21
615,507
21,20
491,208
521,268
420,495
386,643
92,567
639,474
474,639
471,68
19,595
639,474
569,465
569,465
420,495
139,546
214,430
214,430
430,214
214,430
300,301
300,301
300,301
300,301
546,139
546,139
472,485
382,218
474,57
485,280
466,689
491,208
273,262
95,551
95,551
551,95
688,405
551,95
136,137
139,546
139,546
406,6
657,459
657,489
485,280
449,47
485,280
513,405
152,405
289,578
19,595
640,172
420,495
19,595
436,522
37,36
623,651
495,420
623,651
92,567
522,436
36,37
106,559
37,36
681,634
634,681
401,457
457,401
401,457
401,457
379,584
601,340
207,677
707,331
267,403
52,295
688,405
560,207
560,736
207,560
560,207
736,560
202,697
471,68
448,208
634,681
688,405
681,634
325,427
325,427
36,512
164,304
681,634
678,470
567,92
634,681
145,146
666,354
666,354
88,572
560,359
359,560
289,578
788,394
551,95
639,474
557,419
331,257
551,394
394,551
90,91
623,651
331,257
325,292
449,47
301,300
586,129
491,632
263,190
263,190
49,3
192,203
133,299
133,237
37,69
578,289
436,522
93,562
47,449
152,405
152,405
703,474
272,166
397,273
136,137
137,136
144,560
560,144
218,382
401,190
500,364
364,500
617,391
144,560
266,4
266,4
266,4
4,266
266,4
531,250
359,560
531,250
681,634
222,471
250,531
634,681
358,90
95,640
640,95
102,364
95,172
221,52
640,95
172,95
92,567
166,165
521,268
595,19
743,100
743,100
743,100
24,82
82,24
36,512
171,49
171,49
267,403
780,96
321,322
36,512
36,512
271,178
324,263
263,324
386,92
449,47
141,97
628,116
343,262
543,269
262,343
262,343
640,172
17,807
262,343
262,343
262,343
262,343
294,52
294,52
799,549
807,17
324,263
420,495
502,66
502,66
812,179
531,250
812,179
66,502
812,179
179,812
595,19
157,528
157,772
420,495
297,374
495,420
449,47
88,254
254,88
615,507
507,615
599,645
615,507
507,615
12,244
289,578
289,578
578,289
623,651
623,651
157,772
701,413
701,413
701,413
120,314
321,322
557,419
420,98
104,288
104,288
220,360
571,556
104,288
104,288
166,272
491,208
335,278
272,166
403,267
622,39
47,449
271,178
22,668
491,208
93,481
668,22
668,22
668,22
413,248
639,474
584,379
682,405
379,584
435,782
628,116
569,465
678,470
51,75
572,505
607,334
388,506
607,334
289,578
289,578
805,63
644,312
607,334
94,158
334,607
567,676
394,788
119,122
701,174
701,174
91,90
94,158
158,688
405,152
405,152
682,405
701,174
535,240
701,174
701,174
289,578
301,300
48,49
48,49
49,48
623,651
401,190
651,623
190,401
304,164
549,799
225,337
120,314
301,300
703,474
474,703
598,70
256,553
492,12
331,257
256,553
492,12
19,47
785,424
424,785
158,94
785,424
561,631
688,178
144,560
512,36
491,208
144,560
300,301
90,358
358,90
23,51
23,51
36,37
39,622
521,268
227,174
227,174
227,174
201,355
289,578
572,505
300,301
634,681
571,556
457,401
401,190
457,401
457,401
21,20
258,561
299,237
63,805
37,36
258,561
36,37
37,36
12,244
90,64
90,91
90,358
90,358
90,358
90,91
90,91
91,90
37,36
427,325
427,325
300,301
221,4
49,48
90,91
799,549
799,549
394,788
106,672
106,446
48,49
98,495
98,495
98,420
645,155
90,358
420,98
678,470
190,401
695,215
485,180
37,301
358,90
382,218
495,98
98,495
495,98
98,495
90,91
354,666
354,666
354,666
354,666
592,8
218,382
90,358
69,37
485,180
98,420
805,63
420,98
598,263
485,472
485,472
19,47
19,595
495,420
495,420
420,495
227,436
485,180
485,180
185,356
472,611
651,623
569,465
263,401
401,263
379,584
582,339
301,300
272,166
263,308
263,625
436,227
263,401
263,401
645,235
133,744
235,786
272,166
263,308
235,786
263,625
263,625
625,263
308,109
688,158
166,272
263,217
405,682
221,348
272,166
263,173
221,672
263,173
324,589
263,308
263,308
569,465
221,300
52,259
449,47
221,381
52,418
36,524
221,344
52,692
465,569
52,692
569,465
263,457
221,344
52,295
420,495
36,37
176,797
221,381
324,395
221,266
221,15
657,489
52,653
263,109
266,221
52,541
266,221
39,622
263,550
221,381
786,128
263,190
128,786
221,100
221,743
221,381
221,381
221,4
263,372
221,373
263,372
52,513
221,381
262,92
551,95
639,474
262,397
561,258
272,166
262,754
221,381
262,95
262,273
221,381
622,39
49,48
221,58
262,551
551,95
144,560
381,221
39,622
272,166
289,578
381,221
289,578
221,598
128,208
449,47
561,258
561,258
46,47
561,258
147,492
19,595
289,578
301,37
519,663
37,36
492,13
492,13
297,374
492,606
424,266
480,556
88,378
378,88
615,507
507,615
507,615
615,507
507,615
556,480
69,186
378,88
88,627
122,175
122,175
561,258
561,258
551,95
634,681
6,406
424,266
122,175
243,217
243,217
243,217
243,217
243,217
424,785
424,785
37,301
109,457
785,424
785,424
98,495
785,424
495,420
645,235
235,645
109,457
109,457
109,457
109,457
645,235
235,645
109,457
109,96
109,96
109,457
109,457
109,457
37,301
109,457
109,457
109,457
109,457
736,560
560,736
736,560
297,374
36,37
36,401
36,401
37,36
37,36
364,102
364,102
95,551
364,102
364,102
246,188
23,51
173,631
282,455
297,374
374,297
331,257
257,331
235,786
335,278
278,335
21,20
21,20
335,278
21,20
21,20
374,297
144,560
545,830
481,93
560,144
638,554
666,354
666,354
560,207
467,207
578,289
339,379
339,379
339,584
379,339
133,744
774,586
507,615
507,615
578,289
449,47
360,220
91,90
507,615
176,578
91,90
91,90
507,615
676,567
543,269
269,543
115,13
47,449
390,683
47,449
47,46
304,57
304,494
326,311
676,567
419,557
419,557
419,557
676,567
47,46
339,582
582,339
531,250
308,109
687,265
308,109
263,221
670,344
578,97
578,97
492,606
569,465
308,109
308,109
47,449
47,449
144,560
203,192
4,221
783,328
4,221
4,221
221,4
4,221
681,111
531,595
681,373
225,436
494,57
81,263
492,606
266,424
424,266
681,373
6,27
225,197
197,225
744,133
424,785
301,186
744,133
186,301
243,648
681,373
301,69
606,492
301,186
424,785
424,785
561,631
301,69
478,510
510,478
492,606
478,510
109,96
131,485
485,131
131,485
109,96
46,47
46,47
492,606
521,358
622,39
243,648
591,417
591,417
39,622
622,39
243,657
278,335
243,657
657,243
301,37
301,69
3,357
14,421
351,798
785,424
259,418
301,37
259,418
301,69
37,301
457,109
697,202
559,453
559,453
335,278
108,136
631,561
561,631
268,267
135,605
108,136
441,283
311,326
311,326
283,441
678,470
678,470
561,631
678,470
358,521
561,631
678,470
678,470
521,358
567,676
95,172
74,49
567,676
567,386
386,567
567,92
405,688
49,74
449,46
534,360
288,49
288,49
288,49
567,92
567,386
288,49
108,136
605,135
108,136
108,136
108,798
288,49
288,49
798,108
288,49
676,92
351,519
351,28
288,49
136,108
108,136
167,423
666,354
666,354
423,167
423,167
423,167
423,167
90,358
358,521
639,474
589,291
354,666
354,666
474,639
639,474
358,90
774,586
682,405
682,405
351,28
567,676
405,682
88,378
88,572
254,564
572,88
676,567
364,500
364,687
237,299
541,351
541,351
701,174
351,798
586,774
289,578
521,268
736,207
174,701
736,207
774,586
88,505
357,49
617,279
351,677
351,677
48,49
3,49
461,143
48,3
48,49
3,48
136,137
588,76
709,33
33,242
242,33
62,364
578,289
25,766
279,617
25,766
25,766
354,666
354,666
176,141
395,291
291,395
709,33
401,288
401,288
176,578
96,470
92,567
146,611
560,359
560,736
560,207
405,152
405,688
207,736
280,472
37,36
37,36
37,36
688,178
688,405
13,699
13,699
564,254
254,564
482,444
482,444
101,291
36,37
331,257
491,422
491,422
491,422
422,491
631,561
39,622
698,499
491,422
331,257
331,257
499,698
499,698
499,698
136,137
512,0
20,21
21,20
575,59
575,59
575,59
575,59
575,59
575,59
575,59
575,59
575,59
575,59
575,59
575,59
678,470
611,146
575,59
67,785
149,359
359,149
424,266
424,4
785,67
274,510
711,200
6,406
639,474
4,424
640,172
474,639
190,372
600,374
600,374
289,578
289,578
578,289
802,5
6,406
802,5
146,145
4,344
4,344
146,145
701,413
90,358
358,90
90,358
289,578
289,578
289,578
289,578
4,344
4,344
703,474
143,310
143,310
561,631
622,39
6,406
39,622
466,173
37,36
37,36
173,466
499,63
202,697
39,622
616,6
6,27
521,268
242,33
242,33
274,510
33,242
37,301
805,499
559,204
598,694
559,204
69,37
445,624
445,624
21,20
21,20
21,20
21,20
274,440
289,578
578,289
578,289
578,289
260,459
300,301
300,301
274,440
440,274
3,357
93,481
661,683
661,683
661,683
802,5
578,176
617,279
557,419
146,145
557,8
557,8
146,145
146,145
20,21
20,21
4,424
278,335
21,20
21,20
20,21
419,557
145,146
419,557
419,557
419,557
557,419
278,335
419,557
419,557
267,269
221,4
774,586
221,4
578,289
331,257
331,257
289,578
47,449
47,449
331,257
405,682
682,405
682,405
137,454
137,454
91,90
137,454
359,560
424,266
137,454
137,454
454,137
424,785
424,4
701,174
21,20
20,21
4,424
331,257
677,351
677,351
424,4
351,677
165,166
91,64
785,424
436,522
359,560
322,113
694,598
522,436
424,785
785,424
436,522
522,436
436,522
436,522
459,260
522,159
522,436
436,522
522,436
289,578
258,561
267,403
403,267
258,561
139,672
183,685
258,561
388,481
258,561
623,651
227,174
651,623
225,574
4,507
623,651
479,492
300,301
300,301
300,301
492,479
492,479
289,578
578,97
225,574
386,567
643,386
90,91
91,90
278,335
419,557
448,185
419,557
628,116
335,278
584,582
584,582
289,752
289,578
405,688
47,46
289,578
278,335
448,149
289,578
448,149
578,289
405,152
278,335
289,752
301,69
152,405
424,785
785,424
424,266
144,560
785,67
424,4
364,102
364,102
521,268
149,448
4,424
650,136
448,149
561,631
424,4
48,49
49,48
782,465
465,782
47,46
491,208
651,623
225,574
682,405
13,583
13,583
39,622
37,69
149,448
149,448
448,149
786,235
786,235
272,166
639,474
682,330
682,330
682,330
666,354
666,354
703,845
289,578
354,666
90,91
91,90
420,495
495,420
289,578
90,91
628,468
628,116
436,225
289,578
69,133
85,106
341,504
341,504
341,504
85,106
85,106
85,106
474,639
85,106
682,405
405,682
405,682
682,405
405,682
405,682
405,682
495,420
85,106
85,106
595,19
85,106
85,106
465,569
595,19
623,651
165,781
165,781
289,578
688,158
688,158
665,572
651,623
688,158
688,178
178,688
688,178
379,339
682,405
560,359
360,220
144,560
681,634
49,48
37,69
37,69
490,797
300,301
300,301
474,90
688,405
799,549
207,736
688,405
48,49
48,49
557,419
634,681
13,583
13,583
583,13
106,672
583,13
342,720
37,301
66,502
634,681
681,634
37,301
37,69
495,420
268,521
48,49
85,446
380,704
358,90
23,51
200,711
23,51
200,711
23,51
51,23
49,48
19,47
19,47
211,736
48,49
186,52
300,301
85,106
144,560
560,144
560,144
560,144
560,144
560,144
358,90
144,560
454,259
37,301
37,301
235,599
235,599
335,278
454,259
578,176
578,289
636,473
636,473
636,473
636,473
636,473
636,473
636,473
636,473
687,540
37,301
37,348
52,472
472,52
472,52
449,47
299,237
299,237
47,449
47,449
37,36
299,144
144,299
250,531
250,531
250,531
250,531
48,49
49,48
250,531
250,531
250,531
388,195
388,195
364,102
237,299
364,102
374,297
678,470
517,252
374,297
470,678
678,470
678,470
678,470
388,506
289,578
578,289
104,470
297,374
272,166
166,272
144,560
560,144
557,419
419,557
557,419
405,682
572,665
419,557
144,560
158,94
178,682
94,158
178,682
94,158
846,374
186,69
158,688
243,714
152,405
634,681
301,69
207,736
48,49
405,152
289,578
69,268
96,780
628,116
301,37
268,69
676,567
47,449
13,115
449,47
466,173
47,46
47,46
37,36
37,36
301,300
69,268
116,628
736,560
171,208
185,356
36,37
36,37
36,37
36,37
157,772
405,682
49,3
289,578
567,676
356,185
578,176
578,176
331,257
578,289
578,176
171,208
176,578
176,578
444,39
137,136
595,19
639,474
474,639
474,639
175,122
39,622
673,188
622,39
639,474
632,274
474,639
225,574
102,364
331,707
627,180
424,670
153,612
153,612
144,560
144,560
300,301
634,681
670,424
19,595
670,424
595,19
221,75
221,75
23,485
500,142
102,364
102,364
512,0
584,339
652,677
297,374
263,342
263,342
299,237
254,665
572,254
254,665
572,254
91,90
424,266
664,51
190,193
736,560
560,736
190,372
301,300
485,48
485,682
485,405
683,390
390,683
3,357
3,357
612,153
612,153
153,612
612,153
601,340
116,628
628,116
628,468
322,321
628,116
206,428
405,485
51,664
52,294
37,301
37,69
356,185
324,68
363,252
144,560
144,560
6,27
144,560
0,208
180,627
371,300
600,499
27,6
6,27
27,6
600,499
0,208
335,278
208,0
455,282
449,47
449,47
47,449
640,95
172,95
687,310
301,300
39,622
601,483
683,390
676,567
676,567
676,567
676,567
676,567
39,622
96,109
96,109
96,109
96,109
578,97
424,266
569,465
310,265
465,569
397,212
92,386
212,397
527,699
441,461
461,441
699,527
699,527
527,699
527,699
527,699
268,521
268,521
337,225
622,39
39,622
622,39
69,186
289,578
16,572
561,631
322,321
455,129
129,455
455,129
580,283
580,441
540,687
540,265
405,682
405,682
640,172
405,682
474,90
90,474
634,681
651,22
474,90
289,578
48,49
586,180
48,49
441,283
91,90
91,90
119,105
119,325
5,802
379,584
379,584
584,379
465,569
48,49
592,8
48,49
49,48
268,269
96,780
314,120
74,470
74,470
74,470
74,470
74,470
74,470
179,193
268,521
268,69
682,405
266,4
682,405
720,342
144,560
560,144
682,405
472,485
193,179
325,427
90,91
179,193
472,537
537,472
37,36
561,631
37,36
622,39
640,95
172,95
394,542
527,699
527,699
33,242
95,172
578,289
252,517
527,699
136,137
269,268
527,699
91,90
640,95
289,578
395,589
172,95
137,136
774,586
289,578
178,271
394,542
711,348
136,137
137,136
137,136
144,4
683,363
677,700
51,664
492,147
561,631
147,492
13,219
15,672
21,20
21,20
21,20
21,20
21,20
21,20
15,672
492,147
104,288
672,15
15,672
672,15
104,288
688,405
405,688
688,405
147,492
444,402
444,402
39,622
47,46
802,5
104,288
104,288
104,288
402,444
402,444
49,48
372,342
49,48
48,49
21,20
96,470
672,85
331,257
504,341
561,631
47,449
394,542
394,542
542,394
578,641
578,641
521,268
47,46
405,688
504,341
225,337
641,578
337,225
683,390
595,19
578,289
561,631
335,278
335,278
341,504
449,47
47,449
278,335
278,335
335,278
561,631
390,683
683,390
578,289
578,641
641,578
578,289
268,521
237,299
158,688
482,444
289,578
482,444
289,578
578,289
46,47
327,105
327,105
578,176
155,350
327,105
256,65
6,27
27,6
140,224
140,224
560,736
327,105
327,105
492,13
634,681
634,681
28,508
578,176
105,175
119,122
71,593
578,176
28,508
137,136
634,681
136,137
105,175
106,85
634,681
572,665
243,648
634,681
12,492
634,681
119,105
119,122
58,672
15,58
15,58
289,578
185,356
105,327
119,105
105,119
111,373
631,561
97,333
111,373
578,289
97,333
578,289
268,521
15,672
468,116
405,688
405,688
780,470
151,333
333,151
157,772
252,363
21,20
289,578
692,702
692,702
598,694
702,692
640,95
702,692
692,702
692,702
692,702
692,702
677,700
315,552
315,552
449,47
480,556
169,288
169,288
288,169
169,288
169,288
190,372
492,12
492,147
640,172
169,288
169,288
372,342
225,197
299,237
147,492
47,449
147,492
492,147
147,492
356,210
356,185
356,185
356,185
356,185
736,560
435,782
640,172
702,637
661,413
58,15
58,15
560,736
736,560
634,681
225,337
337,225
846,191
736,560
736,207
449,47
652,677
677,652
678,470
413,661
830,140
140,830
140,830
449,47
449,47
147,492
12,25
351,28
47,449
47,449
47,449
28,351
351,28
351,28
480,556
449,47
289,578
289,578
250,531
250,548
250,548
250,531
250,548
190,288
190,288
190,104
190,401
190,401
190,401
527,314
527,314
678,470
678,470
678,190
225,337
207,736
13,11
617,279
74,104
217,401
372,401
470,678
300,301
300,301
210,185
104,288
104,288
37,301
37,301
503,524
503,524
301,37
357,3
12,13
140,830
36,37
36,37
441,283
441,283
692,702
133,744
692,702
351,28
351,28
485,166
485,3
560,736
785,67
802,5
524,503
524,503
785,67
736,560
678,470
543,403
572,505
572,505
678,470
678,470
470,678
572,505
424,266
424,266
424,266
47,449
47,46
47,46
47,449
638,554
220,360
360,352
360,352
3,357
7,791
465,569
683,390
678,190
743,300
68,471
446,106
106,446
446,106
106,446
106,446
106,446
106,446
436,225
225,436
225,436
736,560
3,49
3,49
106,446
707,331
736,207
207,736
207,736
207,736
736,207
640,95
95,640
301,300
95,640
301,300
424,266
424,266
424,670
266,424
424,266
289,578
444,402
402,444
736,207
560,359
91,90
67,785
785,67
79,117
444,402
424,670
448,208
48,49
560,359
674,673
47,449
578,289
260,459
459,260
47,449
136,654
359,560
359,560
207,560
560,207
736,560
36,37
36,37
225,337
145,146
560,207
560,359
359,560
480,556
480,556
556,480
480,556
480,556
459,260
446,106
106,446
634,681
634,681
634,681
634,681
225,337
300,301
485,3
357,3
578,289
622,39
622,39
39,622
601,340
152,405
220,352
152,405
152,405
666,354
354,666
666,354
354,666
444,402
220,374
220,352
330,682
250,531
595,19
321,322
651,623
623,651
106,446
147,492
490,797
300,301
797,490
681,634
420,495
394,788
91,90
634,681
415,644
681,634
634,681
397,273
273,585
273,585
554,638
652,677
474,639
420,495
652,677
3,357
98,420
687,265
98,420
495,420
49,357
47,449
449,47
47,449
405,152
403,543
640,172
47,449
683,390
744,133
129,586
37,301
682,405
785,424
424,785
19,595
688,405
300,301
289,578
578,289
578,289
289,578
578,289
289,578
578,289
335,278
335,278
278,335
480,210
90,91
210,480
480,210
13,12
688,405
12,13
13,12
13,12
13,12
91,90
569,465
703,474
423,644
474,703
144,560
560,144
37,301
321,322
548,531
146,176
634,681
48,49
208,491
272,295
491,208
405,688
20,21
354,666
354,666
422,208
354,666
354,666
144,560
144,560
185,210
144,560
632,274
16,572
48,49
48,49
785,424
560,736
492,606
551,95
551,172
652,677
677,652
652,677
358,521
37,36
37,36
37,36
584,379
628,116
682,383
682,383
383,682
37,69
297,374
69,37
85,106
85,106
321,322
85,106
427,325
736,560
578,289
444,402
464,220
490,682
91,90
449,47
47,449
628,116
666,354
666,354
116,628
4,344
4,344
637,702
37,301
48,49
263,221
812,179
812,179
466,173
628,116
95,598
491,632
95,598
179,812
173,466
804,533
474,639
344,4
96,780
428,206
376,114
474,639
85,446
244,12
244,766
90,91
85,446
648,243
466,173
557,419
557,419
91,90
521,358
48,49
358,521
190,342
177,100
335,278
658,699
321,322
278,335
278,335
278,335
278,335
507,615
615,507
85,446
85,446
85,446
85,446
207,677
299,237
578,176
578,176
176,578
651,623
37,301
300,301
441,580
580,441
623,651
39,622
622,39
266,221
300,301
300,301
300,301
289,578
21,20
21,20
21,20
21,20
20,21
21,20
678,470
678,470
678,470
88,665
239,357
91,90
289,578
100,15
100,344
100,15
448,356
356,448
448,356
133,744
356,448
133,69
69,133
136,137
133,299
299,133
176,578
485,415
446,106
557,419
19,595
557,419
557,8
289,578
585,273
374,297
569,465
382,218
21,20
289,578
444,801
21,20
21,20
21,20
21,20
20,21
356,185
356,210
106,672
21,20
96,780
20,21
21,20
20,21
535,614
266,424
480,210
278,335
278,335
210,480
47,449
4,221
4,221
278,335
4,743
321,322
300,301
300,301
278,31
744,133
830,257
830,118
289,752
289,578
166,165
651,623
47,449
47,449
446,85
90,91
267,269
446,85
91,90
561,631
91,90
702,637
631,561
90,91
19,595
90,91
702,637
91,90
561,631
269,267
491,208
90,91
459,260
260,459
90,91
696,306
623,651
289,578
88,324
278,335
278,335
634,681
331,707
707,331
300,301
39,622
4,266
560,736
4,266
4,424
4,424
424,4
682,330
531,250
121,288
121,288
297,374
374,297
572,665
420,495
22,668
480,210
595,19
572,254
254,572
736,560
356,210
356,210
356,210
356,210
356,185
668,22
356,210
356,185
495,420
560,736
537,472
170,843
645,235
492,479
586,774
736,207
104,288
207,736
468,116
468,628
468,628
22,668
435,782
383,682
481,93
421,111
421,111
383,330
111,421
116,468
441,580
441,283
330,383
383,330
744,381
600,499
21,20
21,20
20,21
20,21
677,634
677,681
207,560
799,549
225,522
47,449
331,257
606,492
98,420
505,572
505,572
424,670
572,505
399,469
399,469
399,469
670,424
49,48
47,449
650,136
48,49
595,19
38,261
419,557
225,337
47,449
225,574
459,260
799,549
491,208
449,47
47,449
225,197
137,136
197,225
289,578
47,46
225,197
137,136
402,444
136,137
197,225
289,578
569,465
640,172
208,491
632,491
137,136
136,137
137,136
289,578
49,48
49,48
13,12
197,225
208,632
401,666
401,666
491,632
273,397
491,208
449,47
491,285
117,79
491,208
632,208
522,225
491,208
289,578
335,278
405,688
688,405
136,137
455,809
455,809
561,631
561,173
91,90
90,91
681,111
111,681
681,111
681,111
111,681
681,111
111,681
136,137
136,137
623,651
137,136
297,374
98,420
499,63
374,297
623,651
623,651
405,688
688,405
623,651
623,651
480,210
424,266
266,424
246,188
636,473
623,651
830,118
289,578
405,682
289,578
578,289
289,578
628,116
578,289
682,405
472,537
269,543
419,557
651,623
419,557
390,683
681,634
681,634
623,651
697,202
606,492
282,455
561,173
262,754
492,606
651,623
405,152
405,152
297,374
173,561
152,405
678,470
268,280
682,383
49,3
736,207
382,218
382,218
21,20
268,280
470,678
218,382
49,48
48,49
69,301
707,331
677,207
688,405
688,405
126,537
537,126
537,126
692,702
702,692
692,702
702,692
49,48
297,441
485,179
48,49
221,373
207,677
48,49
49,48
378,476
378,476
485,179
784,547
578,289
220,374
736,207
179,485
359,560
221,373
492,479
560,359
560,207
263,176
578,289
359,560
289,578
677,207
290,342
371,532
260,459
521,268
100,15
485,3
254,378
88,254
88,378
254,378
254,378
254,378
254,378
254,378
254,378
254,378
254,378
254,378
254,88
88,254
3,485
534,360
100,15
360,534
534,360
360,534
354,666
254,378
254,378
623,651
88,378
651,623
88,476
606,492
108,798
688,158
666,354
158,688
278,335
378,88
15,344
15,344
378,254
623,651
666,354
485,3
378,476
378,476
378,476
378,476
378,476
378,88
378,88
378,476
401,666
401,666
237,299
688,405
299,237
344,15
521,268
280,268
268,280
268,280
424,785
586,180
325,427
268,521
37,301
37,69
586,180
344,670
586,774
586,180
158,688
244,454
688,158
299,237
48,49
299,237
79,117
280,131
331,257
20,21
48,49
774,586
48,49
100,344
100,552
48,49
331,707
331,257
49,48
15,416
100,552
100,552
48,49
48,49
136,137
378,254
254,378
117,79
79,117
766,25
521,268
631,173
534,360
534,360
179,180
268,521
666,401
666,354
401,666
102,364
364,102
354,666
774,586
360,534
691,615
15,416
43,35
666,401
401,666
268,611
611,268
268,611
558,162
611,706
91,90
91,90
91,90
90,91
611,706
706,611
706,611
611,706
220,83
661,683
96,780
461,441
578,289
225,574
121,288
121,288
21,20
96,470
176,578
600,374
49,48
49,48
665,572
572,665
637,253
491,632
634,681
21,20
21,20
21,20
21,20
267,268
694,598
694,598
499,698
598,694
499,698
698,499
598,694
466,173
90,91
799,549
90,91
225,197
354,666
798,108
798,108
569,465
569,465
569,465
569,465
569,465
569,465
569,465
569,465
465,569
706,401
706,401
202,697
169,401
169,401
169,401
401,169
169,401
169,401
169,401
546,139
546,139
706,401
218,382
561,631
323,392
323,392
